{
  "ExtendedData": {
    "inputs": [
      "https://dpdmis.in/ws_stock/Service.asmx"
    ],
    "collectionTypes": [
      "System.Array",
      "System.Collections.Generic.Dictionary`2"
    ],
    "namespaceMappings": [
      "*, SMSRef"
    ],
    "references": [
      "dotnet-aspnet-codegenerator-design, {Microsoft.VisualStudio.Web.CodeGeneration.Design, 6.0.13}",
      "G:\\gyan\\DPDMIS_Angular_API\\DPDMIS_Angular_API\\DPDMIS_Angular_API\\obj\\Release\\net6.0\\PubTmp\\Out\\Broadline.Controls.dll",
      "MessagePack, {MessagePack, 2.1.152}",
      "MessagePack.Annotations, {MessagePack.Annotations, 2.1.152}",
      "Microsoft.AspNetCore.Authentication.JwtBearer, {Microsoft.AspNetCore.Authentication.JwtBearer, 6.0.32}",
      "Microsoft.AspNetCore.Razor.Language, {Microsoft.AspNetCore.Razor.Language, 6.0.0}",
      "Microsoft.Bcl.AsyncInterfaces, {Microsoft.Bcl.AsyncInterfaces, 5.0.0}",
      "Microsoft.Build, {Microsoft.Build, 17.3.2}",
      "Microsoft.Build.Framework, {Microsoft.Build.Framework, 17.3.2}",
      "Microsoft.CodeAnalysis, {Microsoft.CodeAnalysis.Common, 4.0.0}",
      "Microsoft.CodeAnalysis.AnalyzerUtilities, {Microsoft.CodeAnalysis.AnalyzerUtilities, 3.3.0}",
      "Microsoft.CodeAnalysis.CSharp, {Microsoft.CodeAnalysis.CSharp, 4.0.0}",
      "Microsoft.CodeAnalysis.CSharp.Features, {Microsoft.CodeAnalysis.CSharp.Features, 4.0.0}",
      "Microsoft.CodeAnalysis.CSharp.Scripting, {Microsoft.CodeAnalysis.CSharp.Scripting, 4.0.0}",
      "Microsoft.CodeAnalysis.CSharp.Workspaces, {Microsoft.CodeAnalysis.CSharp.Workspaces, 4.0.0}",
      "Microsoft.CodeAnalysis.Features, {Microsoft.CodeAnalysis.Features, 4.0.0}",
      "Microsoft.CodeAnalysis.Razor, {Microsoft.CodeAnalysis.Razor, 6.0.0}",
      "Microsoft.CodeAnalysis.Scripting, {Microsoft.CodeAnalysis.Scripting.Common, 4.0.0}",
      "Microsoft.CodeAnalysis.VisualBasic, {Microsoft.CodeAnalysis.VisualBasic, 4.0.0}",
      "Microsoft.CodeAnalysis.VisualBasic.Features, {Microsoft.CodeAnalysis.VisualBasic.Features, 4.0.0}",
      "Microsoft.CodeAnalysis.VisualBasic.Workspaces, {Microsoft.CodeAnalysis.VisualBasic.Workspaces, 4.0.0}",
      "Microsoft.CodeAnalysis.Workspaces, {Microsoft.CodeAnalysis.Workspaces.Common, 4.0.0}",
      "Microsoft.CodeAnalysis.Workspaces.MSBuild, {Microsoft.CodeAnalysis.Workspaces.MSBuild, 4.0.0}",
      "Microsoft.Data.SqlClient, {Microsoft.Data.SqlClient, 2.1.4}",
      "Microsoft.DiaSymReader, {Microsoft.DiaSymReader, 1.3.0}",
      "Microsoft.DotNet.Scaffolding.Shared, {Microsoft.DotNet.Scaffolding.Shared, 6.0.13}",
      "Microsoft.EntityFrameworkCore, {Microsoft.EntityFrameworkCore, 7.0.5}",
      "Microsoft.EntityFrameworkCore.Abstractions, {Microsoft.EntityFrameworkCore.Abstractions, 7.0.5}",
      "Microsoft.EntityFrameworkCore.Relational, {Microsoft.EntityFrameworkCore.Relational, 7.0.5}",
      "Microsoft.EntityFrameworkCore.SqlServer, {Microsoft.EntityFrameworkCore.SqlServer, 6.0.15}",
      "Microsoft.Extensions.Caching.Abstractions, {Microsoft.Extensions.Caching.Abstractions, 7.0.0}",
      "Microsoft.Extensions.Caching.Memory, {Microsoft.Extensions.Caching.Memory, 7.0.0}",
      "Microsoft.Extensions.Configuration.Abstractions, {Microsoft.Extensions.Configuration.Abstractions, 7.0.0}",
      "Microsoft.Extensions.DependencyInjection, {Microsoft.Extensions.DependencyInjection, 7.0.0}",
      "Microsoft.Extensions.DependencyInjection.Abstractions, {Microsoft.Extensions.DependencyInjection.Abstractions, 7.0.0}",
      "Microsoft.Extensions.Logging, {Microsoft.Extensions.Logging, 7.0.0}",
      "Microsoft.Extensions.Logging.Abstractions, {Microsoft.Extensions.Logging.Abstractions, 7.0.0}",
      "Microsoft.Extensions.Options, {Microsoft.Extensions.Options, 7.0.0}",
      "Microsoft.Extensions.Primitives, {Microsoft.Extensions.Primitives, 7.0.0}",
      "Microsoft.IdentityModel.Abstractions, {Microsoft.IdentityModel.Abstractions, 6.36.0}",
      "Microsoft.IdentityModel.JsonWebTokens, {Microsoft.IdentityModel.JsonWebTokens, 6.36.0}",
      "Microsoft.IdentityModel.Logging, {Microsoft.IdentityModel.Logging, 6.36.0}",
      "Microsoft.IdentityModel.Protocols, {Microsoft.IdentityModel.Protocols, 6.35.0}",
      "Microsoft.IdentityModel.Protocols.OpenIdConnect, {Microsoft.IdentityModel.Protocols.OpenIdConnect, 6.35.0}",
      "Microsoft.IdentityModel.Tokens, {Microsoft.IdentityModel.Tokens, 6.36.0}",
      "Microsoft.NET.StringTools, {Microsoft.NET.StringTools, 17.3.2}",
      "Microsoft.OpenApi, {Microsoft.OpenApi, 1.2.3}",
      "Microsoft.VisualStudio.Debugger.Contracts, {Microsoft.VisualStudio.Debugger.Contracts, 17.2.0}",
      "Microsoft.VisualStudio.Web.CodeGeneration, {Microsoft.VisualStudio.Web.CodeGeneration, 6.0.13}",
      "Microsoft.VisualStudio.Web.CodeGeneration.Core, {Microsoft.VisualStudio.Web.CodeGeneration.Core, 6.0.13}",
      "Microsoft.VisualStudio.Web.CodeGeneration.EntityFrameworkCore, {Microsoft.VisualStudio.Web.CodeGeneration.EntityFrameworkCore, 6.0.13}",
      "Microsoft.VisualStudio.Web.CodeGeneration.Templating, {Microsoft.VisualStudio.Web.CodeGeneration.Templating, 6.0.13}",
      "Microsoft.VisualStudio.Web.CodeGeneration.Utils, {Microsoft.VisualStudio.Web.CodeGeneration.Utils, 6.0.13}",
      "Microsoft.VisualStudio.Web.CodeGenerators.Mvc, {Microsoft.VisualStudio.Web.CodeGenerators.Mvc, 6.0.13}",
      "Microsoft.Win32.Primitives, {Microsoft.Win32.Primitives, 4.3.0}",
      "Microsoft.Win32.SystemEvents, {Microsoft.Win32.SystemEvents, 6.0.0}",
      "Newtonsoft.Json, {Newtonsoft.Json, 13.0.1}",
      "NuGet.Common, {NuGet.Common, 6.3.1}",
      "NuGet.Configuration, {NuGet.Configuration, 6.3.1}",
      "NuGet.DependencyResolver.Core, {NuGet.DependencyResolver.Core, 6.3.1}",
      "NuGet.Frameworks, {NuGet.Frameworks, 6.3.1}",
      "NuGet.LibraryModel, {NuGet.LibraryModel, 6.3.1}",
      "NuGet.Packaging, {NuGet.Packaging, 6.3.1}",
      "NuGet.ProjectModel, {NuGet.ProjectModel, 6.3.1}",
      "NuGet.Protocol, {NuGet.Protocol, 6.3.1}",
      "NuGet.Versioning, {NuGet.Versioning, 6.3.1}",
      "Oracle.EntityFrameworkCore, {Oracle.EntityFrameworkCore, 7.21.9}",
      "Oracle.ManagedDataAccess, {Oracle.ManagedDataAccess.Core, 3.21.90}",
      "Swashbuckle.AspNetCore.Swagger, {Swashbuckle.AspNetCore.Swagger, 6.5.0}",
      "Swashbuckle.AspNetCore.SwaggerGen, {Swashbuckle.AspNetCore.SwaggerGen, 6.5.0}",
      "Swashbuckle.AspNetCore.SwaggerUI, {Swashbuckle.AspNetCore.SwaggerUI, 6.5.0}",
      "System.AppContext, {System.AppContext, 4.3.0}",
      "System.Collections, {System.Collections, 4.3.0}",
      "System.Collections.Concurrent, {System.Collections.Concurrent, 4.3.0}",
      "System.Collections.Immutable, {System.Collections.Immutable, 6.0.0}",
      "System.Composition.AttributedModel, {System.Composition.AttributedModel, 1.0.31}",
      "System.Composition.Convention, {System.Composition.Convention, 1.0.31}",
      "System.Composition.Hosting, {System.Composition.Hosting, 1.0.31}",
      "System.Composition.Runtime, {System.Composition.Runtime, 1.0.31}",
      "System.Composition.TypedParts, {System.Composition.TypedParts, 1.0.31}",
      "System.Configuration.ConfigurationManager, {System.Configuration.ConfigurationManager, 6.0.0}",
      "System.Console, {System.Console, 4.3.0}",
      "System.Diagnostics.Debug, {System.Diagnostics.Debug, 4.3.0}",
      "System.Diagnostics.PerformanceCounter, {System.Diagnostics.PerformanceCounter, 6.0.0}",
      "System.Diagnostics.Tools, {System.Diagnostics.Tools, 4.3.0}",
      "System.Diagnostics.Tracing, {System.Diagnostics.Tracing, 4.3.0}",
      "System.DirectoryServices, {System.DirectoryServices, 5.0.0}",
      "System.DirectoryServices.Protocols, {System.DirectoryServices.Protocols, 5.0.1}",
      "System.Drawing.Common, {System.Drawing.Common, 6.0.0}",
      "System.Globalization, {System.Globalization, 4.3.0}",
      "System.Globalization.Calendars, {System.Globalization.Calendars, 4.3.0}",
      "System.IdentityModel.Tokens.Jwt, {System.IdentityModel.Tokens.Jwt, 6.36.0}",
      "System.IO, {System.IO, 4.3.0}",
      "System.IO.Compression, {System.IO.Compression, 4.3.0}",
      "System.IO.Compression.ZipFile, {System.IO.Compression.ZipFile, 4.3.0}",
      "System.IO.FileSystem, {System.IO.FileSystem, 4.3.0}",
      "System.IO.FileSystem.AccessControl, {System.IO.FileSystem.AccessControl, 5.0.0}",
      "System.IO.FileSystem.Primitives, {System.IO.FileSystem.Primitives, 4.3.0}",
      "System.IO.Pipelines, {System.IO.Pipelines, 5.0.1}",
      "System.Linq, {System.Linq, 4.3.0}",
      "System.Linq.Expressions, {System.Linq.Expressions, 4.3.0}",
      "System.Net.Http, {System.Net.Http, 4.3.0}",
      "System.Net.Primitives, {System.Net.Primitives, 4.3.0}",
      "System.Net.Sockets, {System.Net.Sockets, 4.3.0}",
      "System.ObjectModel, {System.ObjectModel, 4.3.0}",
      "System.Reflection, {System.Reflection, 4.3.0}",
      "System.Reflection.Extensions, {System.Reflection.Extensions, 4.3.0}",
      "System.Reflection.Metadata, {System.Reflection.Metadata, 6.0.0}",
      "System.Reflection.MetadataLoadContext, {System.Reflection.MetadataLoadContext, 6.0.0}",
      "System.Reflection.Primitives, {System.Reflection.Primitives, 4.3.0}",
      "System.Resources.ResourceManager, {System.Resources.ResourceManager, 4.3.0}",
      "System.Runtime, {System.Runtime, 4.3.0}",
      "System.Runtime.CompilerServices.Unsafe, {System.Runtime.CompilerServices.Unsafe, 6.0.0}",
      "System.Runtime.Extensions, {System.Runtime.Extensions, 4.3.0}",
      "System.Runtime.Handles, {System.Runtime.Handles, 4.3.0}",
      "System.Runtime.InteropServices, {System.Runtime.InteropServices, 4.3.0}",
      "System.Runtime.InteropServices.RuntimeInformation, {System.Runtime.InteropServices.RuntimeInformation, 4.3.0}",
      "System.Runtime.Numerics, {System.Runtime.Numerics, 4.3.0}",
      "System.Security.AccessControl, {System.Security.AccessControl, 6.0.0}",
      "System.Security.Cryptography.Algorithms, {System.Security.Cryptography.Algorithms, 4.3.0}",
      "System.Security.Cryptography.Cng, {System.Security.Cryptography.Cng, 5.0.0}",
      "System.Security.Cryptography.Encoding, {System.Security.Cryptography.Encoding, 4.3.0}",
      "System.Security.Cryptography.Pkcs, {System.Security.Cryptography.Pkcs, 5.0.0}",
      "System.Security.Cryptography.Primitives, {System.Security.Cryptography.Primitives, 4.3.0}",
      "System.Security.Cryptography.ProtectedData, {System.Security.Cryptography.ProtectedData, 6.0.0}",
      "System.Security.Cryptography.X509Certificates, {System.Security.Cryptography.X509Certificates, 4.3.0}",
      "System.Security.Permissions, {System.Security.Permissions, 6.0.0}",
      "System.Security.Principal.Windows, {System.Security.Principal.Windows, 5.0.0}",
      "System.Text.Encoding, {System.Text.Encoding, 4.3.0}",
      "System.Text.Encoding.CodePages, {System.Text.Encoding.CodePages, 6.0.0}",
      "System.Text.Encoding.Extensions, {System.Text.Encoding.Extensions, 4.3.0}",
      "System.Text.Encodings.Web, {System.Text.Encodings.Web, 7.0.0}",
      "System.Text.Json, {System.Text.Json, 7.0.0}",
      "System.Text.RegularExpressions, {System.Text.RegularExpressions, 4.3.0}",
      "System.Threading, {System.Threading, 4.3.0}",
      "System.Threading.Tasks, {System.Threading.Tasks, 4.3.0}",
      "System.Threading.Tasks.Dataflow, {System.Threading.Tasks.Dataflow, 6.0.0}",
      "System.Threading.Timer, {System.Threading.Timer, 4.3.0}",
      "System.Windows.Extensions, {System.Windows.Extensions, 6.0.0}",
      "System.Xml.ReaderWriter, {System.Xml.ReaderWriter, 4.3.0}",
      "System.Xml.XDocument, {System.Xml.XDocument, 4.3.0}"
    ],
    "targetFramework": "net6.0",
    "typeReuseMode": "All"
  }
}